Fund Name,P1,P2,P3,P4,P5,Topsis Score,Rank
M1,0.89,0.79,4.3,49.0,13.75,0.7090852275555103,1
M2,0.84,0.71,3.8,48.2,13.39,0.657617571400102,2
M3,0.65,0.42,3.5,30.8,8.84,0.34462888695076194,8
M4,0.78,0.61,6.6,59.7,16.92,0.5331643102554465,4
M5,0.67,0.45,4.6,46.8,13.13,0.40287267439587915,6
M6,0.63,0.4,5.7,48.7,13.86,0.3449368463607188,7
M7,0.95,0.9,6.0,47.4,13.81,0.6279615621576446,3
M8,0.73,0.53,3.7,49.7,13.67,0.5325049944975734,5
